{
  "initialized" : {
    "_id" : "wm-intialized-wm.Variable-1593682696952",
    "name" : "initialized",
    "owner" : "Page",
    "category" : "wm.Variable",
    "dataBinding" : [ {
      "target" : "dataValue",
      "value" : "bind:initialized"
    } ],
    "dataSet" : {
      "dataValue" : false
    },
    "type" : "boolean",
    "isList" : false,
    "twoWayBinding" : false,
    "saveInPhonegap" : false
  },
  "supportedLocale" : {
    "_id" : "wm-wm.Variable1402640443182",
    "name" : "supportedLocale",
    "owner" : "Page",
    "category" : "wm.Variable",
    "dataSet" : {
      "en" : "English"
    },
    "type" : "string",
    "isList" : false,
    "saveInPhonegap" : false
  }
}